"id","case","mode","inmemory","postgresql","evidenceGroup","inmemoryFailedChecks","postgresqlFailedChecks"
"INC-STRICT","Four incident operations; strict=true","HTTP + persisted readback","behavior-failed","behavior-failed","original77","valid four-operation PATCH should succeed","valid four-operation PATCH should succeed"
"INC-LENIENT","Four incident operations; strict=false","HTTP + persisted readback","behavior-failed","behavior-failed","original77","real contact updated; no malformed bracket key stored","real contact updated; no malformed bracket key stored"
"CRUD-Users","Users ordinary create/get/list/search/filter/sort/PUT/PATCH/DELETE","HTTP + persisted readback","passed","passed","original77","",""
"SEARCH-ARRAY-Users","Users attributes array and error envelope","HTTP","behavior-failed","behavior-failed","original77","valid search attributes array accepted; error detail scalar or absent","valid search attributes array accepted; error detail scalar or absent"
"TYPES-Users","Users eight native types x single/multi cardinality","HTTP + persisted readback","passed","passed","original77","",""
"CRUD-Groups","Groups ordinary create/get/list/search/filter/sort/PUT/PATCH/DELETE","HTTP + persisted readback","passed","passed","original77","",""
"SEARCH-ARRAY-Groups","Groups attributes array and error envelope","HTTP","behavior-failed","behavior-failed","original77","valid search attributes array accepted; error detail scalar or absent","valid search attributes array accepted; error detail scalar or absent"
"TYPES-Groups","Groups eight native types x single/multi cardinality","HTTP + persisted readback","passed","passed","original77","",""
"CRUD-Devices","Devices ordinary create/get/list/search/filter/sort/PUT/PATCH/DELETE","HTTP + persisted readback","passed","passed","original77","",""
"SEARCH-ARRAY-Devices","Devices attributes array and error envelope","HTTP","behavior-failed","behavior-failed","original77","valid search attributes array accepted","valid search attributes array accepted"
"TYPES-Devices","Devices eight native types x single/multi cardinality","HTTP + persisted readback","passed","passed","original77","",""
"MV-ADD-Users","Users multi-valued extension add preserves prior values","HTTP + persisted readback","behavior-failed","behavior-failed","original77","prior item and new item retained","prior item and new item retained"
"MV-ADD-Groups","Groups multi-valued extension add preserves prior values","HTTP + persisted readback","behavior-failed","behavior-failed","original77","prior item and new item retained","prior item and new item retained"
"MV-ADD-Devices","Devices multi-valued extension add preserves prior values","HTTP + persisted readback","behavior-failed","behavior-failed","original77","prior item and new item retained","prior item and new item retained"
"VP-STRING","extension valuePath STRING","HTTP + persisted readback","passed","passed","original77","",""
"VP-BOOLEAN","extension valuePath BOOLEAN","HTTP + persisted readback","behavior-failed","behavior-failed","original77","valid selected-value mutation succeeds; all selected values updated","valid selected-value mutation succeeds; all selected values updated"
"VP-QUOTED-BOOLEAN","extension valuePath QUOTED-BOOLEAN","HTTP + persisted readback","passed","passed","original77","",""
"VP-COMPOUND","extension valuePath COMPOUND","HTTP + persisted readback","behavior-failed","behavior-failed","original77","valid selected-value mutation succeeds; all selected values updated","valid selected-value mutation succeeds; all selected values updated"
"VP-NUMBER","extension valuePath NUMBER","HTTP + persisted readback","behavior-failed","behavior-failed","original77","valid selected-value mutation succeeds; all selected values updated","valid selected-value mutation succeeds; all selected values updated"
"VP-MULTIMATCH","extension valuePath MULTIMATCH","HTTP + persisted readback","behavior-failed","behavior-failed","original77","all selected values updated","all selected values updated"
"READ-FILTER-TYPED","Boolean, number, compound read filters","HTTP","behavior-failed","behavior-failed","original77","urn:example:extension:2.0:Matrix:items[primary eq true] matches; urn:example:extension:2.0:Matrix:items[rank eq 7] matches; urn:example:extension:2.0:Matrix:items[type eq ""work"" and primary eq true] matches","urn:example:extension:2.0:Matrix:items[primary eq true] matches; urn:example:extension:2.0:Matrix:items[rank eq 7] matches; urn:example:extension:2.0:Matrix:items[type eq ""work"" and primary eq true] matches"
"REQUIRED-REMOVE-Users","Users REQUIRED-REMOVE","HTTP + persisted readback","behavior-failed","behavior-failed","original77","invalid invariant transition rejected; invalid transition leaves original payload; invalid transition leaves version","invalid invariant transition rejected; invalid transition leaves original payload; invalid transition leaves version"
"IMMUTABLE-SEQUENCE-Users","Users IMMUTABLE-SEQUENCE","HTTP + persisted readback","behavior-failed","behavior-failed","original77","invalid invariant transition rejected; invalid transition leaves original payload; invalid transition leaves version","invalid invariant transition rejected; invalid transition leaves original payload; invalid transition leaves version"
"IMMUTABLE-REMOVE-Users","Users IMMUTABLE-REMOVE","HTTP + persisted readback","behavior-failed","behavior-failed","original77","invalid invariant transition rejected; invalid transition leaves original payload; invalid transition leaves version","invalid invariant transition rejected; invalid transition leaves original payload; invalid transition leaves version"
"IMMUTABLE-PUT-Users","Users IMMUTABLE-PUT","HTTP + persisted readback","behavior-failed","behavior-failed","original77","omitted immutable value is preserved or request rejects","omitted immutable value is preserved or request rejects"
"REQUIRED-REMOVE-Groups","Groups REQUIRED-REMOVE","HTTP + persisted readback","behavior-failed","behavior-failed","original77","invalid invariant transition rejected; invalid transition leaves original payload; invalid transition leaves version","invalid invariant transition rejected; invalid transition leaves original payload; invalid transition leaves version"
"IMMUTABLE-SEQUENCE-Groups","Groups IMMUTABLE-SEQUENCE","HTTP + persisted readback","behavior-failed","behavior-failed","original77","invalid invariant transition rejected; invalid transition leaves original payload; invalid transition leaves version","invalid invariant transition rejected; invalid transition leaves original payload; invalid transition leaves version"
"IMMUTABLE-REMOVE-Groups","Groups IMMUTABLE-REMOVE","HTTP + persisted readback","behavior-failed","behavior-failed","original77","invalid invariant transition rejected; invalid transition leaves original payload; invalid transition leaves version","invalid invariant transition rejected; invalid transition leaves original payload; invalid transition leaves version"
"IMMUTABLE-PUT-Groups","Groups IMMUTABLE-PUT","HTTP + persisted readback","behavior-failed","behavior-failed","original77","omitted immutable value is preserved or request rejects","omitted immutable value is preserved or request rejects"
"REQUIRED-REMOVE-Devices","Devices REQUIRED-REMOVE","HTTP + persisted readback","behavior-failed","behavior-failed","original77","invalid invariant transition rejected; invalid transition leaves original payload; invalid transition leaves version","invalid invariant transition rejected; invalid transition leaves original payload; invalid transition leaves version"
"IMMUTABLE-SEQUENCE-Devices","Devices IMMUTABLE-SEQUENCE","HTTP + persisted readback","behavior-failed","behavior-failed","original77","invalid invariant transition rejected; invalid transition leaves original payload; invalid transition leaves version","invalid invariant transition rejected; invalid transition leaves original payload; invalid transition leaves version"
"IMMUTABLE-REMOVE-Devices","Devices IMMUTABLE-REMOVE","HTTP + persisted readback","behavior-failed","behavior-failed","original77","invalid invariant transition rejected; invalid transition leaves original payload; invalid transition leaves version","invalid invariant transition rejected; invalid transition leaves original payload; invalid transition leaves version"
"IMMUTABLE-PUT-Devices","Devices IMMUTABLE-PUT","HTTP + persisted readback","behavior-failed","behavior-failed","original77","omitted immutable value is preserved or request rejects","omitted immutable value is preserved or request rejects"
"PRIMARY-Users","Users primary selection handoff","HTTP + persisted readback","behavior-failed","behavior-failed","original77","handoff accepted; only newly selected item primary","handoff accepted; only newly selected item primary"
"CASEEXACT-Users","Users caseExact read and PATCH selector","HTTP + persisted readback","behavior-failed","behavior-failed","original77","caseExact read abc; wrong-case selector has noTarget; wrong-case selector leaves value","caseExact read abc; wrong-case selector has noTarget; wrong-case selector leaves value"
"RETURNED-Users","Users hidden attribute filtering and projection","HTTP + persisted readback","behavior-failed","behavior-failed","original77","hidden attribute still participates in filtering","hidden attribute still participates in filtering"
"PRIMARY-Groups","Groups primary selection handoff","HTTP + persisted readback","behavior-failed","behavior-failed","original77","handoff accepted; only newly selected item primary","handoff accepted; only newly selected item primary"
"CASEEXACT-Groups","Groups caseExact read and PATCH selector","HTTP + persisted readback","behavior-failed","behavior-failed","original77","caseExact read abc","caseExact read abc"
"RETURNED-Groups","Groups hidden attribute filtering and projection","HTTP + persisted readback","behavior-failed","behavior-failed","original77","hidden attribute still participates in filtering","hidden attribute still participates in filtering"
"PRIMARY-Devices","Devices primary selection handoff","HTTP + persisted readback","behavior-failed","behavior-failed","original77","only newly selected item primary","only newly selected item primary"
"CASEEXACT-Devices","Devices caseExact read and PATCH selector","HTTP + persisted readback","behavior-failed","behavior-failed","original77","caseExact read abc; wrong-case selector has noTarget; wrong-case selector leaves value","caseExact read abc; wrong-case selector has noTarget; wrong-case selector leaves value"
"RETURNED-Devices","Devices hidden attribute filtering and projection","HTTP + persisted readback","behavior-failed","behavior-failed","original77","hidden attribute still participates in filtering","hidden attribute still participates in filtering"
"CAPABILITIES-Users","Users profile disables PATCH/filter/sort/ETag","HTTP","passed","passed","original77","",""
"LIMIT-Users","Users profile maxResults limits page","HTTP","passed","passed","original77","",""
"CAPABILITIES-Groups","Groups profile disables PATCH/filter/sort/ETag","HTTP","passed","passed","original77","",""
"LIMIT-Groups","Groups profile maxResults limits page","HTTP","passed","passed","original77","",""
"CAPABILITIES-Devices","Devices profile disables PATCH/filter/sort/ETag","HTTP","behavior-failed","behavior-failed","original77","disabled filter rejected; disabled sort rejected","disabled filter rejected; disabled sort rejected"
"LIMIT-Devices","Devices profile maxResults limits page","HTTP","behavior-failed","behavior-failed","original77","page clamped","page clamped"
"CUSTOM-NUMERIC-SORT","Custom integer sort is numeric","HTTP","behavior-failed","behavior-failed","original77","integer ascending values","integer ascending values"
"CUSTOM-ETAG-OFF","Custom write ignores RequireIfMatch when ETag capability is off","HTTP","behavior-failed","behavior-failed","original77","write accepted without unavailable ETag","write accepted without unavailable ETag"
"CAS-Users-WIRE","Users two writers with the same If-Match","plain concurrent HTTP","passed","behavior-failed","original77","","exactly one write accepted; only one version increment"
"CAS-Users-BARRIER","Users two writers with the same If-Match","HTTP + deterministic real-repository pre-write barrier","behavior-failed","behavior-failed","original77","exactly one write accepted; only one version increment","exactly one write accepted; only one version increment"
"CAS-Groups-WIRE","Groups two writers with the same If-Match","plain concurrent HTTP","passed","behavior-failed","original77","","exactly one write accepted; only one version increment"
"CAS-Groups-BARRIER","Groups two writers with the same If-Match","HTTP + deterministic real-repository pre-write barrier","behavior-failed","behavior-failed","original77","exactly one write accepted; only one version increment","exactly one write accepted; only one version increment"
"CAS-Devices-WIRE","Devices two writers with the same If-Match","plain concurrent HTTP","passed","behavior-failed","original77","","exactly one write accepted; only one version increment"
"CAS-Devices-BARRIER","Devices two writers with the same If-Match","HTTP + deterministic real-repository pre-write barrier","behavior-failed","behavior-failed","original77","exactly one write accepted; only one version increment","exactly one write accepted; only one version increment"
"UNIQUE-WIRE","Concurrent same-userName creation","plain concurrent HTTP","passed","passed","original77","",""
"UNIQUE-BARRIER","Concurrent same-userName creation","HTTP + deterministic real-repository pre-create barrier","behavior-failed","passed","original77","one success one uniqueness conflict; one durable user",""
"GROUP-NATIVE-ROLLBACK","Group aggregate DB constraint failure is atomic","direct real repository; native duplicate-member constraint","behavior-failed","passed","original77","duplicate member rejected by repository; group scalar rolled back; membership rolled back; version rolled back",""
"GROUP-HTTP-FAULT","Group PATCH preserves aggregate on membership persistence failure","HTTP; explicitly injected persistence failure, real storage","behavior-failed","passed","original77","scalar unchanged; members unchanged; version unchanged",""
"ENDPOINT-CASCADE","Endpoint DELETE removes User/Group/custom stored resources","HTTP + direct persisted orphan check","behavior-failed","passed","original77","User repository no orphan; Group repository no orphan; custom repository no orphan",""
"ENDPOINT-CACHE","Two EndpointService instances observe persisted profile changes","two real service caches over same PostgreSQL; not two processes","not-applicable","behavior-failed","original77","","other warmed service sees new setting"
"CUSTOM-PATCH-DISABLED","Custom PATCH disabled without a masking ETag requirement","HTTP + persisted readback","behavior-failed","behavior-failed","original77","disabled capability blocks PATCH; disabled mutation leaves payload","disabled capability blocks PATCH; disabled mutation leaves payload"
"TYPED-READ-CONTROL","Native Boolean core and custom numeric read-filter controls","HTTP","passed","passed","original77","",""
"CORE-MV-ADD","User core emails add appends rather than replaces","HTTP + persisted readback","behavior-failed","behavior-failed","original77","old and new core entries retained","old and new core entries retained"
"CORE-BOOLEAN-PATH","User core native Boolean selector changes selected value","HTTP + persisted readback","behavior-failed","behavior-failed","original77","selected email updated","selected email updated"
"MULTIMATCH-REMOVE","Filtered sub-attribute removal affects every selected value","HTTP + persisted readback","behavior-failed","behavior-failed","original77","all selected sub-attributes removed","all selected sub-attributes removed"
"NO-PATH-Users","Users pathless add and scalar replace","HTTP + persisted readback","behavior-failed","behavior-failed","original77","pathless add preserves prior list","pathless add preserves prior list"
"ETAG-CONTROL-Users","Users sequential stale/missing If-Match checks","HTTP + persisted readback","passed","passed","original77","",""
"CARDINALITY-NEGATIVE-Users","Users wrong scalar/cardinality rejection","HTTP","passed","passed","original77","",""
"NO-PATH-Groups","Groups pathless add and scalar replace","HTTP + persisted readback","behavior-failed","behavior-failed","original77","pathless add accepted; pathless add preserves prior list","pathless add accepted; pathless add preserves prior list"
"ETAG-CONTROL-Groups","Groups sequential stale/missing If-Match checks","HTTP + persisted readback","passed","passed","original77","",""
"CARDINALITY-NEGATIVE-Groups","Groups wrong scalar/cardinality rejection","HTTP","passed","passed","original77","",""
"NO-PATH-Devices","Devices pathless add and scalar replace","HTTP + persisted readback","behavior-failed","behavior-failed","original77","pathless add preserves prior list; replace preserves unspecified sibling","pathless add preserves prior list; replace preserves unspecified sibling"
"ETAG-CONTROL-Devices","Devices sequential stale/missing If-Match checks","HTTP + persisted readback","passed","passed","original77","",""
"CARDINALITY-NEGATIVE-Devices","Devices wrong scalar/cardinality rejection","HTTP","passed","passed","original77","",""
"GROUP-POST-FAULT","Group POST member failure does not leave a partial group","HTTP; injected member-insert failure, real storage","behavior-failed","behavior-failed","original77","no partially created group remains","no partially created group remains"
"ALIAS-BULK-SUCCESS","Direct and Bulk User mutation produce the same stored values","HTTP direct versus Bulk + persisted readback","passed","passed","appended-aliases","",""
"ALIAS-BULK-ATOMICITY","Failed embedded PATCH is atomic while another Bulk operation succeeds","HTTP direct failure control versus Bulk + persisted state","passed","passed","appended-aliases","",""
"ALIAS-BULK-DISABLED","Bulk must not bypass the endpoint's disabled PATCH capability","HTTP discovery + direct guard control + Bulk persisted readback","behavior-failed","behavior-failed","appended-aliases","embedded disabled PATCH rejected; alias target remains unchanged; alias target version remains unchanged","embedded disabled PATCH rejected; alias target remains unchanged; alias target version remains unchanged"
"ALIAS-ME-USER","Synthetic OAuth /Me and direct User routes access and mutate the same user","real local OAuth helper + HTTP alias + persisted readback","passed","passed","appended-aliases","",""
"ALIAS-DISCOVERY-REFLECTION","Discovery reflects endpoint schema/capability changes and hide/restore setting","HTTP admin changes + before/after public discovery + persisted profile","passed","passed","appended-aliases","",""
