"key","type","registeredDefault","effectiveDefault","owner","flows","precedenceAndCoupling","productionReferences","testReferences"
"PatchOpAllowRemoveAllMembers","boolean","false","false","GroupPatchEngine","Group PATCH/Bulk; legacy member removal compatibility","No SPC field; endpoint settings only","api/src/domain/patch/group-patch-engine.ts:468;api/src/modules/scim/endpoint-profile/endpoint-profile.types.ts:82;api/src/modules/scim/endpoint-profile/presets/entra-id.json:1069;api/src/modules/scim/services/endpoint-scim-groups.service.ts:292;web/src/pages/endpoint-settings-definitions.ts:119","api/src/modules/endpoint/endpoint-config.interface.spec.ts:38;api/src/modules/scim/endpoint-profile/built-in-presets.spec.ts:205;api/src/modules/scim/services/endpoint-scim-groups.service.spec.ts:732;api/test/e2e/config-flags.e2e-spec.ts:154;api/test/e2e/patch-null-handling.e2e-spec.ts:325;api/test/e2e/soft-delete-flags.e2e-spec.ts:394;api/test/e2e/test-gaps-audit-5.e2e-spec.ts:345;web/src/pages/EndpointRelatedSettings.test.tsx:270;web/src/pages/SettingsTab.test.tsx:169"
"VerbosePatchSupported","boolean","false","false","UserPatchEngine","User core dot-path PATCH; extensions resolved independently; generic always dot-aware","Independent of patch.supported","api/src/modules/scim/endpoint-profile/endpoint-profile.types.ts:84;api/src/modules/scim/endpoint-profile/presets/entra-id.json:1070;api/src/modules/scim/services/endpoint-scim-users.service.ts:468;api/src/scripts/seed-shape-coverage.ts:136;web/src/pages/endpoint-settings-definitions.ts:128","api/src/modules/endpoint/endpoint-config.interface.spec.ts:41;api/src/modules/endpoint/services/endpoint.service.spec.ts:424;api/src/modules/scim/endpoint-profile/built-in-presets.spec.ts:206;api/src/modules/scim/services/endpoint-scim-users.service.spec.ts:1027;api/test/e2e/config-flags.e2e-spec.ts:228;api/test/e2e/multi-endpoint-isolation.e2e-spec.ts:63;api/test/e2e/patch-null-handling.e2e-spec.ts:82;api/test/e2e/profile-combinations.e2e-spec.ts:332;api/test/e2e/profile-flag-combos.e2e-spec.ts:356;api/test/e2e/soft-delete-flags.e2e-spec.ts:306;api/test/e2e/test-gaps-audit-4.e2e-spec.ts:444;api/test/e2e/test-gaps-audit-5.e2e-spec.ts:304;api/test/e2e/test-gaps-audit-6.e2e-spec.ts:876;web/src/pages/SettingsTab.test.tsx:168"
"logLevel","logLevel","inherit/unset","inherit/unset","EndpointService and ScimLogger","All endpoint request logging","Endpoint > category/global thresholds; no mutation semantics","api/src/modules/endpoint/services/endpoint.service.ts:224;api/src/modules/logging/log-levels.ts:84;api/src/modules/scim/endpoint-profile/endpoint-profile.types.ts:86;web/src/pages/endpoint-settings-definitions.ts:225","api/src/modules/endpoint/endpoint-config.interface.spec.ts:42;api/src/modules/endpoint/services/endpoint.service.spec.ts:635;api/src/modules/logging/log-config.controller.spec.ts:19;api/src/modules/logging/log-levels.spec.ts:130;api/src/modules/logging/scim-logger.service.spec.ts:18;api/src/modules/scim/controllers/endpoint-log.controller.spec.ts:17;api/src/modules/scim/endpoint-profile/built-in-presets.spec.ts:569;api/test/e2e/test-gaps-audit.e2e-spec.ts:423;web/src/pages/EndpointRelatedSettings.test.tsx:277;web/src/pages/OverviewTab.test.tsx:256;web/src/pages/SettingsTab.test.tsx:453;web/e2e/credential-secret-visibility.spec.ts:71"
"StrictSchemaValidation","boolean","true","true","ScimSchemaHelpers and Generic service","U/G/custom POST PUT PATCH schema/type/readOnly gates","Profile schemas drive validation; required create/replace and immutability remain independent","api/src/main.ts:185;api/src/modules/scim/common/scim-errors.ts:12;api/src/modules/scim/common/scim-service-helpers.ts:1006;api/src/modules/scim/endpoint-profile/endpoint-profile.types.ts:88;api/src/modules/scim/endpoint-profile/presets/entra-id-minimal.json:398;api/src/modules/scim/endpoint-profile/presets/entra-id.json:1071;api/src/modules/scim/endpoint-profile/presets/rfc-standard.json:1121;api/src/modules/scim/services/endpoint-scim-generic.service.ts:519;api/src/modules/scim/services/endpoint-scim-groups.service.ts:298;api/src/modules/scim/services/endpoint-scim-users.service.ts:475;api/src/scripts/seed-shape-coverage.ts:132;web/src/pages/endpoint-settings-definitions.ts:56;web/src/workbench/workbench-templates.ts:114","api/src/domain/validation/rfc-compliant-subattributes.spec.ts:120;api/src/modules/dashboard/dashboard.controller.spec.ts:302;api/src/modules/endpoint/controllers/endpoint-etag.spec.ts:17;api/src/modules/endpoint/endpoint-config.interface.spec.ts:43;api/src/modules/endpoint/endpoint-context.storage.spec.ts:213;api/src/modules/endpoint/services/endpoint.service.spec.ts:91;api/src/modules/scim/common/scim-errors.spec.ts:74;api/src/modules/scim/common/scim-service-helpers.spec.ts:203;api/src/modules/scim/endpoint-profile/built-in-presets.spec.ts:209;api/src/modules/scim/filters/scim-exception.filter.spec.ts:336;api/src/modules/scim/services/endpoint-scim-generic.service.spec.ts:1409;api/src/modules/scim/services/endpoint-scim-groups.service.spec.ts:91;api/src/modules/scim/services/endpoint-scim-users.service.spec.ts:104;api/src/shared/types/shared-types.spec.ts:63;api/test/e2e/config-flags.e2e-spec.ts:308;api/test/e2e/diagnostics-enrichment.e2e-spec.ts:43;api/test/e2e/endpoint-authentication-model.e2e-spec.ts:147;api/test/e2e/group-parity-gaps.e2e-spec.ts:315;api/test/e2e/helpers/request.helper.ts:234;api/test/e2e/manager-patch-string-coercion.e2e-spec.ts:48;api/test/e2e/multi-endpoint-isolation.e2e-spec.ts:48;api/test/e2e/p4-attribute-fixes.e2e-spec.ts:66;api/test/e2e/patch-null-handling.e2e-spec.ts:81;api/test/e2e/patch-untouched-attribute-validation.e2e-spec.ts:84;api/test/e2e/primary-enforcement.e2e-spec.ts:253;api/test/e2e/profile-combinations.e2e-spec.ts:317;api/test/e2e/profile-flag-combos.e2e-spec.ts:167;api/test/e2e/readonly-stripping.e2e-spec.ts:177;api/test/e2e/rfc-compliant-subattributes.e2e-spec.ts:160;api/test/e2e/schema-cache-integration.e2e-spec.ts:80;api/test/e2e/schema-validation.e2e-spec.ts:58;api/test/e2e/soft-delete-flags.e2e-spec.ts:328;api/test/e2e/stale-settings-keys.e2e-spec.ts:93;api/test/e2e/test-gaps-audit-2.e2e-spec.ts:237;api/test/e2e/test-gaps-audit-4.e2e-spec.ts:323;api/test/e2e/test-gaps-audit-5.e2e-spec.ts:108;api/test/e2e/test-gaps-audit-6.e2e-spec.ts:164;api/test/e2e/test-gaps-audit.e2e-spec.ts:69;web/src/api/mutations.test.ts:359;web/src/pages/CreateEndpointWizard.test.tsx:89;web/src/pages/EndpointRelatedSettings.test.tsx:273;web/src/pages/OverviewTab.test.tsx:64;web/src/pages/SettingsTab.test.tsx:127;web/src/test/msw/fixtures.ts:179;web/src/workbench/workbench-templates.test.ts:44;web/e2e/resource-types-inventory.spec.ts:123;web/e2e/rfc-compliant-subattributes-flag.spec.ts:318;web/e2e/settings-matrix.spec.ts:517;web/e2e/workbench-templates.spec.ts:131"
"RequireIfMatch","boolean","false","false","enforceIfMatch","U/G/custom PUT PATCH DELETE and /Me/Bulk","U/G suppressed by etag.supported=false; generic omits profile argument","api/src/modules/scim/common/scim-service-helpers.ts:160;api/src/modules/scim/endpoint-profile/endpoint-profile.types.ts:90;api/src/scripts/seed-shape-coverage.ts:134;web/src/api/scim-error.ts:271;web/src/pages/endpoint-settings-definitions.ts:74","api/src/modules/endpoint/endpoint-config.interface.spec.ts:44;api/src/modules/endpoint/endpoint-context.storage.spec.ts:239;api/src/modules/endpoint/services/endpoint.service.spec.ts:1241;api/src/modules/scim/common/capability-resolver.spec.ts:85;api/src/modules/scim/common/scim-service-helpers.spec.ts:129;api/src/modules/scim/services/endpoint-scim-generic.service.spec.ts:1207;api/src/modules/scim/services/endpoint-scim-groups.service.spec.ts:1793;api/src/modules/scim/services/endpoint-scim-users.service.spec.ts:2586;api/test/e2e/config-flags.e2e-spec.ts:382;api/test/e2e/etag-conditional.e2e-spec.ts:327;api/test/e2e/group-parity-gaps.e2e-spec.ts:109;api/test/e2e/profile-combinations.e2e-spec.ts:328;api/test/e2e/profile-flag-combos.e2e-spec.ts:208;api/test/e2e/rca-diagnostics.e2e-spec.ts:159;api/test/e2e/test-gaps-audit-2.e2e-spec.ts:468;api/test/e2e/test-gaps-audit-4.e2e-spec.ts:316;api/test/e2e/test-gaps-audit-5.e2e-spec.ts:249;api/test/e2e/test-gaps-audit-6.e2e-spec.ts:477;web/src/api/mutations.test.ts:575;web/src/api/scim-error.test.ts:172;web/src/components/detail/ResourceDetailDrawer.test.tsx:440;web/src/pages/CreateEndpointWizard.test.tsx:91;web/src/pages/SettingsTab.test.tsx:155;web/e2e/settings-matrix.spec.ts:493"
"AllowAndCoerceBooleanStrings","boolean","true","true","boolean coercion helpers","U/G/custom POST PUT/PATCH and output","Schema boolean paths; not a general path grammar fix","api/src/modules/scim/common/scim-service-helpers.ts:1330;api/src/modules/scim/endpoint-profile/endpoint-profile.types.ts:92;api/src/modules/scim/endpoint-profile/presets/entra-id-minimal.json:397;api/src/modules/scim/endpoint-profile/presets/entra-id.json:1067;api/src/modules/scim/services/endpoint-scim-generic.service.ts:541;api/src/modules/scim/services/endpoint-scim-groups.service.ts:325;api/src/modules/scim/services/endpoint-scim-users.service.ts:502;api/src/scripts/seed-shape-coverage.ts:133;web/src/pages/endpoint-settings-definitions.ts:65","api/src/modules/endpoint/endpoint-config.interface.spec.ts:45;api/src/modules/endpoint/services/endpoint.service.spec.ts:1285;api/src/modules/scim/endpoint-profile/auto-expand.service.spec.ts:303;api/src/modules/scim/endpoint-profile/built-in-presets.spec.ts:199;api/src/modules/scim/services/endpoint-scim-groups.service.spec.ts:1876;api/src/modules/scim/services/endpoint-scim-users.service.spec.ts:2689;api/test/e2e/config-flags.e2e-spec.ts:309;api/test/e2e/endpoint-profile.e2e-spec.ts:59;api/test/e2e/profile-combinations.e2e-spec.ts:348;api/test/e2e/profile-flag-combos.e2e-spec.ts:80;api/test/e2e/schema-cache-integration.e2e-spec.ts:79;api/test/e2e/soft-delete-flags.e2e-spec.ts:607;api/test/e2e/test-gaps-audit-6.e2e-spec.ts:967;web/src/api/mutations.test.ts:361;web/src/pages/CreateEndpointWizard.test.tsx:90;web/src/pages/SettingsTab.test.tsx:167;web/src/test/msw/fixtures.ts:180;web/e2e/settings-matrix.spec.ts:538"
"SecretTokenBearerAuthEnabled","boolean","false","false","Auth enablement resolver + authenticators/token services","Credential create/token issuance/resource auth across U/G/custom and admin separation","Matching authentication.methods facet overrides dedicated flag; otherwise flag then default; SPC auth computed","api/src/modules/endpoint/services/endpoint.service.ts:724;api/src/modules/scim/controllers/admin-credential.controller.ts:324;api/src/modules/scim/services/connection-info.service.ts:215;api/src/scripts/seed-shape-coverage.ts:179;web/src/pages/CredentialsTab.tsx:1879;web/src/pages/endpoint-auth-flags.ts:52","api/src/modules/auth/authenticators/endpoint-credential.authenticator.spec.ts:27;api/src/modules/auth/shared-secret.guard.spec.ts:402;api/src/modules/dashboard/dashboard.controller.spec.ts:400;api/src/modules/endpoint/endpoint-config.interface.spec.ts:33;api/src/modules/endpoint/services/endpoint.service.spec.ts:190;api/src/modules/scim/controllers/admin-credential.controller.spec.ts:36;api/src/modules/scim/controllers/admin-wif-diagnostics.controller.spec.ts:29;api/src/modules/scim/services/connection-info.service.spec.ts:97;api/test/e2e/api-response-contracts-2.e2e-spec.ts:347;api/test/e2e/computed-authentication-schemes.e2e-spec.ts:60;api/test/e2e/connection-info.e2e-spec.ts:70;api/test/e2e/credential-caps.e2e-spec.ts:48;api/test/e2e/credential-keyed-lookup.e2e-spec.ts:57;api/test/e2e/credential-lifecycle.e2e-spec.ts:42;api/test/e2e/credential-migration-status.e2e-spec.ts:71;api/test/e2e/dashboard-overview.e2e-spec.ts:170;api/test/e2e/per-endpoint-credentials.e2e-spec.ts:44;api/test/e2e/profile-combinations.e2e-spec.ts:350;api/test/e2e/scim-event-sse-bridge.e2e-spec.ts:163;api/test/e2e/test-gaps-audit-2.e2e-spec.ts:475;api/test/e2e/test-gaps-audit-6.e2e-spec.ts:1014;web/src/api/mutations.test.ts:360;web/src/pages/CredentialsTab.test.tsx:143;web/src/pages/SettingsTab.test.tsx:157;web/src/test/msw/fixtures.ts:181;web/e2e/connect-tab-migration.spec.ts:59;web/e2e/connect-tab.spec.ts:230;web/e2e/credential-lifecycle.spec.ts:46;web/e2e/credential-reveal.spec.ts:72;web/e2e/credential-token-format.spec.ts:57;web/e2e/endpoint-detail-tabs.spec.ts:229;web/e2e/endpoint-fixture.ts:55;web/e2e/endpoint-related-settings.spec.ts:27;web/e2e/wif-credentials.spec.ts:78"
"OAuthClientCredentialsAuthEnabled","boolean","false","false","Auth enablement resolver + authenticators/token services","Credential create/token issuance/resource auth across U/G/custom and admin separation","Matching authentication.methods facet overrides dedicated flag; otherwise flag then default; SPC auth computed","api/src/modules/endpoint/services/endpoint.service.ts:725;api/src/modules/scim/controllers/admin-credential.controller.ts:330;api/src/modules/scim/services/connection-info.service.ts:248;api/src/scripts/seed-shape-coverage.ts:180;web/src/pages/CredentialsTab.tsx:1880;web/src/pages/endpoint-auth-flags.ts:25","api/src/modules/auth/shared-secret.guard.spec.ts:402;api/src/modules/endpoint/endpoint-config.interface.spec.ts:33;api/src/modules/endpoint/services/endpoint.service.spec.ts:191;api/src/modules/scim/controllers/admin-credential.controller.spec.ts:37;api/src/modules/scim/services/connection-info.service.spec.ts:79;api/test/e2e/computed-authentication-schemes.e2e-spec.ts:61;api/test/e2e/connection-info.e2e-spec.ts:35;api/test/e2e/credential-caps.e2e-spec.ts:75;api/test/e2e/credential-keyed-lookup.e2e-spec.ts:200;api/test/e2e/credential-reveal.e2e-spec.ts:64;api/test/e2e/credential-rotate.e2e-spec.ts:44;api/test/e2e/credential-secret-visibility.e2e-spec.ts:31;api/test/e2e/dashboard-overview.e2e-spec.ts:117;api/test/e2e/endpoint-oauth-client.e2e-spec.ts:40;api/test/e2e/per-endpoint-credentials.e2e-spec.ts:414;api/test/e2e/profile-combinations.e2e-spec.ts:351;api/test/e2e/wif-assertion.e2e-spec.ts:850;web/src/pages/CredentialsTab.test.tsx:221;web/src/pages/SettingsTab.test.tsx:158;web/src/test/msw/fixtures.ts:182;web/e2e/connect-tab-migration.spec.ts:56;web/e2e/connect-tab.spec.ts:136;web/e2e/credential-reveal.spec.ts:210;web/e2e/endpoint-detail-tabs.spec.ts:230;web/e2e/endpoint-fixture.ts:56;web/e2e/wif-credentials.spec.ts:446"
"SharedSecretBearerAuthEnabled","boolean","true","true","Auth enablement resolver + authenticators/token services","Credential create/token issuance/resource auth across U/G/custom and admin separation","Matching authentication.methods facet overrides dedicated flag; otherwise flag then default; SPC auth computed","api/src/modules/auth/authenticators/global-shared-secret.authenticator.ts:40;api/src/modules/endpoint/services/endpoint.service.ts:726;api/src/modules/scim/services/connection-info.service.ts:186;api/src/oauth/auth-reason-catalog.ts:256;web/src/api/scim-error.ts:226;web/src/pages/CredentialsTab.tsx:1878;web/src/pages/endpoint-auth-flags.ts:43","api/src/modules/auth/authenticators/global-shared-secret.authenticator.spec.ts:50;api/src/modules/auth/shared-secret.guard.spec.ts:181;api/src/modules/endpoint/endpoint-config.interface.spec.ts:1286;api/src/modules/scim/services/connection-info.service.spec.ts:79;api/test/e2e/connection-info.e2e-spec.ts:147;api/test/e2e/per-endpoint-credentials.e2e-spec.ts:438;web/src/pages/CredentialsTab.test.tsx:1847;web/src/pages/SettingsTab.test.tsx:159;web/e2e/connect-tab-migration.spec.ts:58;web/e2e/endpoint-detail-tabs.spec.ts:231;web/e2e/endpoint-fixture.ts:58;web/e2e/settings-matrix.spec.ts:627"
"IncludeWarningAboutIgnoredReadOnlyAttribute","boolean","false","false","U/G/generic controllers","Mutation response decoration","No SPC field; /Me and Bulk need parity review","api/src/modules/scim/controllers/endpoint-scim-generic.controller.ts:69;api/src/modules/scim/controllers/endpoint-scim-groups.controller.ts:61;api/src/modules/scim/controllers/endpoint-scim-users.controller.ts:61;api/src/modules/scim/endpoint-profile/endpoint-profile.types.ts:94;api/src/scripts/seed-shape-coverage.ts:147;web/src/pages/endpoint-settings-definitions.ts:137","api/src/modules/endpoint/endpoint-config.interface.spec.ts:46;api/test/e2e/group-parity-gaps.e2e-spec.ts:251;api/test/e2e/profile-flag-combos.e2e-spec.ts:245;api/test/e2e/readonly-stripping.e2e-spec.ts:215;api/test/e2e/test-gaps-audit-5.e2e-spec.ts:666;api/test/e2e/test-gaps-audit-6.e2e-spec.ts:875;api/test/e2e/test-gaps-audit.e2e-spec.ts:131;web/src/pages/SettingsTab.test.tsx:170"
"IgnoreReadOnlyAttributesInPatch","boolean","false","false","U/G/generic services","PATCH readOnly stripping","Only distinguishes strict-on behavior","api/src/modules/scim/endpoint-profile/endpoint-profile.types.ts:96;api/src/modules/scim/services/endpoint-scim-generic.service.ts:520;api/src/modules/scim/services/endpoint-scim-groups.service.ts:299;api/src/modules/scim/services/endpoint-scim-users.service.ts:476;api/src/scripts/seed-shape-coverage.ts:146;web/src/pages/endpoint-settings-definitions.ts:146","api/src/modules/endpoint/endpoint-config.interface.spec.ts:47;api/src/modules/scim/common/scim-errors.spec.ts:326;api/test/e2e/profile-flag-combos.e2e-spec.ts:246;api/test/e2e/readonly-stripping.e2e-spec.ts:309;api/test/e2e/test-gaps-audit-2.e2e-spec.ts:548;api/test/e2e/test-gaps-audit-4.e2e-spec.ts:442;api/test/e2e/test-gaps-audit-5.e2e-spec.ts:667;api/test/e2e/test-gaps-audit-6.e2e-spec.ts:874;api/test/e2e/test-gaps-audit.e2e-spec.ts:68;web/src/pages/SettingsTab.test.tsx:171"
"UserSoftDeleteEnabled","boolean","true","true","U/generic services","PATCH active=false result gate","No SPC field; also blocks unrelated patches of inactive records","api/src/modules/endpoint/services/endpoint.service.ts:1037;api/src/modules/scim/endpoint-profile/endpoint-profile.types.ts:70;api/src/modules/scim/services/endpoint-scim-users.service.ts:557;api/src/scripts/seed-shape-coverage.ts:168;web/src/pages/endpoint-settings-definitions.ts:83","api/src/modules/dashboard/dashboard.controller.spec.ts:303;api/src/modules/endpoint/endpoint-config.interface.spec.ts:486;api/src/modules/endpoint/services/endpoint.service.spec.ts:435;api/src/modules/scim/services/endpoint-scim-users.service.spec.ts:1390;api/test/e2e/config-flags.e2e-spec.ts:424;api/test/e2e/endpoint-profile.e2e-spec.ts:140;api/test/e2e/group-parity-gaps.e2e-spec.ts:175;api/test/e2e/multi-endpoint-isolation.e2e-spec.ts:48;api/test/e2e/profile-combinations.e2e-spec.ts:316;api/test/e2e/profile-flag-combos.e2e-spec.ts:70;api/test/e2e/soft-delete-flags.e2e-spec.ts:977;api/test/e2e/stale-settings-keys.e2e-spec.ts:63;api/test/e2e/test-gaps-audit-4.e2e-spec.ts:127;api/test/e2e/test-gaps-audit-6.e2e-spec.ts:783;api/test/e2e/test-gaps-audit.e2e-spec.ts:655;web/src/pages/EndpointRelatedSettings.test.tsx:47;web/src/pages/OverviewTab.test.tsx:254;web/src/pages/SettingsTab.test.tsx:161;web/e2e/endpoint-related-settings.spec.ts:29"
"UserHardDeleteEnabled","boolean","true","true","U/generic services","User/custom DELETE; /Me/Bulk User delegation","No SPC field; custom inheritance is product coupling","api/src/modules/scim/endpoint-profile/endpoint-profile.types.ts:72;api/src/modules/scim/services/endpoint-scim-generic.service.ts:750;api/src/modules/scim/services/endpoint-scim-users.service.ts:384;api/src/scripts/seed-shape-coverage.ts:169;web/src/pages/endpoint-settings-definitions.ts:92","api/src/modules/endpoint/endpoint-config.interface.spec.ts:487;api/src/modules/scim/services/endpoint-scim-generic.service.spec.ts:446;api/src/modules/scim/services/endpoint-scim-users.service.spec.ts:1302;api/test/e2e/config-flags.e2e-spec.ts:446;api/test/e2e/profile-flag-combos.e2e-spec.ts:133;api/test/e2e/test-gaps-audit-4.e2e-spec.ts:128;web/src/pages/EndpointRelatedSettings.test.tsx:266;web/src/pages/SettingsTab.test.tsx:162;web/e2e/settings-matrix.spec.ts:568"
"GroupHardDeleteEnabled","boolean","true","true","Group service","Group DELETE; Bulk Group delegation","No SPC field","api/src/modules/scim/endpoint-profile/endpoint-profile.types.ts:74;api/src/modules/scim/services/endpoint-scim-groups.service.ts:566;api/src/scripts/seed-shape-coverage.ts:170;web/src/pages/endpoint-settings-definitions.ts:101","api/src/modules/endpoint/endpoint-config.interface.spec.ts:488;api/src/modules/scim/services/endpoint-scim-groups.service.spec.ts:1093;api/test/e2e/config-flags.e2e-spec.ts:467;api/test/e2e/test-gaps-audit-4.e2e-spec.ts:241;api/test/e2e/test-gaps-audit-6.e2e-spec.ts:609;web/src/pages/EndpointRelatedSettings.test.tsx:268;web/src/pages/SettingsTab.test.tsx:163;web/e2e/settings-matrix.spec.ts:597"
"MultiMemberPatchOpForGroupEnabled","boolean","true","true","GroupPatchEngine","Group PATCH member arrays","No SPC field","api/src/modules/endpoint/services/endpoint.service.ts:1038;api/src/modules/scim/endpoint-profile/endpoint-profile.types.ts:76;api/src/modules/scim/endpoint-profile/presets/entra-id.json:1068;api/src/modules/scim/services/endpoint-scim-groups.service.ts:288;api/src/scripts/seed-shape-coverage.ts:158;web/src/pages/endpoint-settings-definitions.ts:110","api/src/modules/endpoint/endpoint-config.interface.spec.ts:489;api/src/modules/endpoint/services/endpoint.service.spec.ts:23;api/src/modules/scim/endpoint-profile/built-in-presets.spec.ts:204;api/src/modules/scim/services/endpoint-scim-groups.service.spec.ts:423;api/test/e2e/auth-admin-events.e2e-spec.ts:98;api/test/e2e/config-flags.e2e-spec.ts:79;api/test/e2e/soft-delete-flags.e2e-spec.ts:350;api/test/e2e/stale-settings-keys.e2e-spec.ts:88;web/src/pages/EndpointRelatedSettings.test.tsx:269;web/src/pages/SettingsTab.test.tsx:164"
"SchemaDiscoveryEnabled","boolean","true","true","EndpointScimDiscoveryController","Endpoint Schemas/ResourceTypes/SPC GET","Does not switch resource capabilities; root discovery separate","api/src/modules/scim/controllers/endpoint-scim-discovery.controller.ts:76;api/src/modules/scim/endpoint-profile/endpoint-profile.types.ts:78;web/src/pages/endpoint-settings-definitions.ts:155","api/src/modules/endpoint/endpoint-config.interface.spec.ts:490;api/test/e2e/config-flags.e2e-spec.ts:488;api/test/e2e/test-gaps-audit-4.e2e-spec.ts:409;api/test/e2e/test-gaps-audit-5.e2e-spec.ts:629;web/src/pages/EndpointRelatedSettings.test.tsx:273;web/src/pages/SettingsTab.test.tsx:165;web/src/test/msw/fixtures.ts:183;web/e2e/settings-matrix.spec.ts:474"
"logFileEnabled","boolean","true","true","EndpointService and ScimLogger","Endpoint file transport","No mutation/discovery semantics","api/src/modules/endpoint/services/endpoint.service.ts:1116;api/src/modules/scim/endpoint-profile/endpoint-profile.types.ts:118;web/src/pages/endpoint-settings-definitions.ts:200","api/src/modules/endpoint/services/endpoint.service.spec.ts:1669;api/test/e2e/endpoint-profile.e2e-spec.ts:216;api/test/e2e/test-gaps-audit-6.e2e-spec.ts:1090;web/src/pages/EndpointRelatedSettings.test.tsx:277"
"PrimaryEnforcement","primaryEnforcement","inherit/unset","passthrough","ScimSchemaHelpers and Generic service","U/G/custom payload primary handling","Unset runtime passthrough; reject/normalize/passthrough; not sequential primary handoff","api/src/modules/scim/common/scim-service-helpers.ts:1394;api/src/modules/scim/endpoint-profile/endpoint-profile.types.ts:105;api/src/modules/scim/endpoint-profile/presets/entra-id-minimal.json:399;api/src/modules/scim/endpoint-profile/presets/entra-id.json:1072;api/src/modules/scim/endpoint-profile/presets/rfc-standard.json:1122;api/src/modules/scim/services/endpoint-scim-generic.service.ts:1032;api/src/scripts/seed-shape-coverage.ts:135;web/src/pages/endpoint-settings-definitions.ts:212","api/src/modules/scim/common/scim-service-helpers.spec.ts:716;api/src/modules/scim/endpoint-profile/built-in-presets.spec.ts:575;api/src/modules/scim/services/endpoint-scim-generic.service.spec.ts:1674;api/src/modules/scim/services/endpoint-scim-users.service.spec.ts:3152;api/test/e2e/primary-enforcement.e2e-spec.ts:40;api/test/e2e/test-gaps-audit-5.e2e-spec.ts:507;api/test/e2e/test-gaps-audit-6.e2e-spec.ts:963;web/src/pages/EndpointRelatedSettings.test.tsx:48;web/src/pages/SettingsTab.test.tsx:387;web/e2e/credential-secret-visibility.spec.ts:70"
"WifCredentialsEnabled","boolean","false","false","Auth enablement resolver + authenticators/token services","Credential create/token issuance/resource auth across U/G/custom and admin separation","Matching authentication.methods facet overrides dedicated flag; otherwise flag then default; SPC auth computed","api/src/modules/endpoint/services/endpoint.service.ts:727;api/src/modules/scim/controllers/admin-credential.controller.ts:312;api/src/modules/scim/controllers/admin-wif-diagnostics.controller.ts:247;api/src/modules/scim/discovery/authentication-schemes.ts:81;api/src/modules/scim/endpoint-profile/endpoint-profile.types.ts:120;api/src/modules/scim/services/connection-info.service.ts:309;api/src/oauth/auth-reason-catalog.ts:68;web/src/api/scim-error.ts:128;web/src/components/primitives/AuthDiagnosticsPanel.tsx:80;web/src/pages/CredentialsTab.tsx:1210;web/src/pages/endpoint-auth-flags.ts:34","api/src/modules/endpoint/endpoint-config.interface.spec.ts:1082;api/src/modules/endpoint/services/endpoint.service.inmemory.spec.ts:151;api/src/modules/endpoint/services/endpoint.service.spec.ts:276;api/src/modules/scim/controllers/admin-credential.controller.spec.ts:286;api/src/modules/scim/controllers/admin-wif-diagnostics.controller.spec.ts:96;api/src/modules/scim/controllers/wif-assertion-token.provider.spec.ts:65;api/src/modules/scim/discovery/authentication-schemes.spec.ts:113;api/src/modules/scim/discovery/scim-discovery.service.spec.ts:708;api/src/modules/scim/services/connection-info.service.spec.ts:79;api/src/oauth/auth-admin-event.spec.ts:75;api/test/e2e/auth-admin-events.e2e-spec.ts:79;api/test/e2e/computed-authentication-schemes.e2e-spec.ts:62;api/test/e2e/connection-info.e2e-spec.ts:36;api/test/e2e/credential-rotate.e2e-spec.ts:150;api/test/e2e/n6-slice-audience.e2e-spec.ts:101;api/test/e2e/wif-assertion.e2e-spec.ts:95;api/test/e2e/wif-tenant-gleaning.e2e-spec.ts:38;web/src/pages/CredentialsTab.test.tsx:613;web/src/pages/SettingsTab.test.tsx:160;web/src/test/msw/fixtures.ts:155;web/e2e/back-navigation.spec.ts:80;web/e2e/connect-tab-migration.spec.ts:57;web/e2e/connect-tab.spec.ts:310;web/e2e/credential-lifecycle.spec.ts:95;web/e2e/effective-egress-policy.spec.ts:24;web/e2e/endpoint-fixture.ts:57;web/e2e/endpoint-related-settings.spec.ts:28;web/e2e/wif-credentials.spec.ts:77;web/e2e/wif-trust-management.spec.ts:101"
"CredentialSecretVisibility","credentialVisibility","inherit/unset","always","credential services / effective visibility helper","Credential admin create/read/export","Effective helper always returns always; new once invalid; not SCIM mutation","api/src/modules/endpoint/services/endpoint.service.ts:728;api/src/modules/scim/controllers/admin-credential.controller.ts:839;api/src/modules/scim/controllers/admin-security-settings.controller.ts:23;api/src/security/credential-security.service.ts:24;web/src/api/queries.ts:1900;web/src/pages/CredentialsTab.tsx:1903;web/src/pages/SettingsPage.tsx:537;web/src/pages/SettingsTab.tsx:199","api/src/modules/dashboard/dashboard.controller.spec.ts:399;api/src/modules/endpoint/endpoint-config-ui-coverage.spec.ts:61;api/src/modules/endpoint/endpoint-config.interface.spec.ts:1455;api/src/modules/endpoint/services/endpoint.service.spec.ts:149;api/src/security/credential-security.service.spec.ts:45;api/test/e2e/connection-info.e2e-spec.ts:172;api/test/e2e/credential-reveal.e2e-spec.ts:65;api/test/e2e/credential-rotate.e2e-spec.ts:45;api/test/e2e/credential-secret-visibility.e2e-spec.ts:16;api/test/e2e/dashboard-overview.e2e-spec.ts:118;web/src/pages/SettingsPage.test.tsx:138;web/src/pages/SettingsTab.test.tsx:139"
"EnforceResourceTypes","boolean","true","true","U/G controllers","Only relaxes unsupported built-in list/.search to warning + empty result","Profile RT registry remains authoritative for item reads/writes","api/src/modules/scim/common/resource-type-enforcement.ts:66;api/src/modules/scim/controllers/endpoint-scim-groups.controller.ts:100;api/src/modules/scim/controllers/endpoint-scim-users.controller.ts:100;api/src/modules/scim/endpoint-profile/endpoint-profile.types.ts:126;web/src/pages/endpoint-settings-definitions.ts:164","api/src/modules/endpoint/endpoint-config.interface.spec.ts:1083;api/src/modules/scim/common/resource-type-enforcement.spec.ts:10;api/src/modules/scim/controllers/endpoint-scim-groups.controller.spec.ts:909;api/src/modules/scim/controllers/endpoint-scim-users.controller.spec.ts:829;api/test/e2e/profile-enforcement-gaps.e2e-spec.ts:102;web/src/pages/EndpointRelatedSettings.test.tsx:275;web/src/pages/SettingsTab.test.tsx:166"
"JwksFetchTimeoutMs","number","inherit/unset","5000","egress-policy / JWKS services","WIF/JWKS auth fetch/cache; all resource types only through auth","Endpoint numeric override > server env > hard default; clamp bounds; admin egress view not SCIM SPC","api/src/oauth/egress-policy.ts:148;web/src/pages/egress-policy-ui.ts:4;web/src/pages/endpoint-settings-definitions.ts:236","api/src/modules/endpoint/controllers/endpoint.controller.spec.ts:188;api/src/modules/endpoint/endpoint-config.interface.spec.ts:1511;api/src/modules/endpoint/services/endpoint.service.spec.ts:1091;api/src/modules/scim/controllers/wif-assertion-token.provider.spec.ts:280;api/src/oauth/egress-policy.spec.ts:22;api/test/e2e/config-flags.e2e-spec.ts:727;api/test/e2e/endpoint-egress-policy.e2e-spec.ts:24;web/src/pages/EndpointRelatedSettings.test.tsx:213;web/src/pages/SettingsTab.test.tsx:476;web/e2e/credential-secret-visibility.spec.ts:95;web/e2e/effective-egress-policy.spec.ts:25;web/e2e/settings-matrix.spec.ts:424"
"JwksFetchRetries","number","inherit/unset","2","egress-policy / JWKS services","WIF/JWKS auth fetch/cache; all resource types only through auth","Endpoint numeric override > server env > hard default; clamp bounds; admin egress view not SCIM SPC","api/src/oauth/egress-policy.ts:149;web/src/pages/egress-policy-ui.ts:5;web/src/pages/endpoint-settings-definitions.ts:240","api/src/modules/endpoint/controllers/endpoint.controller.spec.ts:41;api/src/modules/endpoint/endpoint-config.interface.spec.ts:1513;api/src/modules/endpoint/services/endpoint.service.spec.ts:1092;api/src/modules/scim/controllers/wif-assertion-token.provider.spec.ts:281;api/src/oauth/egress-policy.spec.ts:23;api/src/oauth/external-jwks-validator.service.spec.ts:435;api/test/e2e/config-flags.e2e-spec.ts:728;api/test/e2e/endpoint-egress-policy.e2e-spec.ts:41;web/src/pages/EndpointRelatedSettings.test.tsx:213;web/src/pages/SettingsTab.test.tsx:477;web/e2e/credential-secret-visibility.spec.ts:96;web/e2e/effective-egress-policy.spec.ts:26;web/e2e/settings-matrix.spec.ts:425"
"JwksFetchRetryBackoffMs","number","inherit/unset","200","egress-policy / JWKS services","WIF/JWKS auth fetch/cache; all resource types only through auth","Endpoint numeric override > server env > hard default; clamp bounds; admin egress view not SCIM SPC","api/src/oauth/egress-policy.ts:150;web/src/pages/egress-policy-ui.ts:6;web/src/pages/endpoint-settings-definitions.ts:244","api/src/modules/endpoint/endpoint-config.interface.spec.ts:1515;api/src/modules/scim/controllers/wif-assertion-token.provider.spec.ts:282;api/src/oauth/egress-policy.spec.ts:24;api/src/oauth/external-jwks-validator.service.spec.ts:194;api/test/e2e/config-flags.e2e-spec.ts:729;web/src/pages/SettingsTab.test.tsx:478;web/e2e/credential-secret-visibility.spec.ts:97;web/e2e/settings-matrix.spec.ts:426"
"JwksCacheMaxAgeMs","number","inherit/unset","86400000","egress-policy / JWKS services","WIF/JWKS auth fetch/cache; all resource types only through auth","Endpoint numeric override > server env > hard default; clamp bounds; admin egress view not SCIM SPC","api/src/oauth/egress-policy.ts:151;web/src/pages/egress-policy-ui.ts:7;web/src/pages/endpoint-settings-definitions.ts:248","api/src/modules/endpoint/endpoint-config.interface.spec.ts:1516;api/src/modules/scim/controllers/wif-assertion-token.provider.spec.ts:283;api/src/oauth/egress-policy.spec.ts:25;api/src/oauth/external-jwks-validator.service.spec.ts:291;api/src/oauth/jwks-prewarm.service.spec.ts:92;api/test/e2e/config-flags.e2e-spec.ts:730;web/src/pages/EndpointRelatedSettings.test.tsx:213;web/src/pages/SettingsTab.test.tsx:479;web/e2e/credential-secret-visibility.spec.ts:98;web/e2e/settings-matrix.spec.ts:427"
"JwksTotalDeadlineMs","number","inherit/unset","10000","egress-policy / JWKS services","WIF/JWKS auth fetch/cache; all resource types only through auth","Endpoint numeric override > server env > hard default; clamp bounds; admin egress view not SCIM SPC","api/src/oauth/egress-policy.ts:152;web/src/pages/egress-policy-ui.ts:8;web/src/pages/endpoint-settings-definitions.ts:264","api/src/oauth/egress-policy.spec.ts:207;api/src/oauth/external-jwks-validator.service.spec.ts:434;web/e2e/credential-secret-visibility.spec.ts:99;web/e2e/settings-matrix.spec.ts:428"
"JwksMaxResponseBytes","number","inherit/unset","1048576","egress-policy / JWKS services","WIF/JWKS auth fetch/cache; all resource types only through auth","Endpoint numeric override > server env > hard default; clamp bounds; admin egress view not SCIM SPC","api/src/oauth/egress-policy.ts:153;web/src/pages/egress-policy-ui.ts:9;web/src/pages/endpoint-settings-definitions.ts:268","api/src/oauth/egress-policy.spec.ts:208;api/src/oauth/external-jwks-validator.service.spec.ts:476;web/e2e/credential-secret-visibility.spec.ts:100;web/e2e/settings-matrix.spec.ts:429"
"JwksMaxKeys","number","inherit/unset","100","egress-policy / JWKS services","WIF/JWKS auth fetch/cache; all resource types only through auth","Endpoint numeric override > server env > hard default; clamp bounds; admin egress view not SCIM SPC","api/src/oauth/egress-policy.ts:154;web/src/pages/egress-policy-ui.ts:10;web/src/pages/endpoint-settings-definitions.ts:272","api/src/oauth/egress-policy.spec.ts:209;api/src/oauth/external-jwks-validator.service.spec.ts:508;web/src/pages/EndpointRelatedSettings.test.tsx:280;web/e2e/credential-secret-visibility.spec.ts:101;web/e2e/endpoint-related-settings.spec.ts:117;web/e2e/settings-matrix.spec.ts:430"
"MaxActiveBearerCredentials","number","5","5","Credential lifecycle repositories/controllers","Credential create/reactivation capacity; no payload semantics","Endpoint cap then registered default; not SPC","api/src/modules/scim/controllers/admin-credential.controller.ts:246;web/src/pages/endpoint-settings-definitions.ts:252","api/src/modules/scim/controllers/admin-credential.controller.spec.ts:397;api/test/e2e/credential-caps.e2e-spec.ts:49;api/test/e2e/credential-keyed-lookup.e2e-spec.ts:153;web/src/pages/EndpointRelatedSettings.test.tsx:49;web/e2e/endpoint-related-settings.spec.ts:106;web/e2e/settings-matrix.spec.ts:410"
"MaxActiveOAuthClientCredentials","number","5","5","Credential lifecycle repositories/controllers","Credential create/reactivation capacity; no payload semantics","Endpoint cap then registered default; not SPC","api/src/modules/scim/controllers/admin-credential.controller.ts:247;web/src/pages/endpoint-settings-definitions.ts:256","api/src/modules/scim/controllers/admin-credential.controller.spec.ts:425;api/test/e2e/credential-caps.e2e-spec.ts:77;api/test/e2e/endpoint-oauth-client.e2e-spec.ts:41;web/e2e/settings-matrix.spec.ts:410"
"MaxActiveWifTrusts","number","10","10","Credential lifecycle repositories/controllers","Credential create/reactivation capacity; no payload semantics","Endpoint cap then registered default; not SPC","api/src/modules/scim/controllers/admin-credential.controller.ts:248;web/src/pages/endpoint-settings-definitions.ts:260","api/src/modules/endpoint/endpoint-config-ui-coverage.spec.ts:131;web/src/pages/EndpointRelatedSettings.test.tsx:280;web/e2e/endpoint-related-settings.spec.ts:115;web/e2e/settings-matrix.spec.ts:410"
"JwksMaxCacheEntries","number","inherit/unset","50","egress-policy / JWKS services","WIF/JWKS auth fetch/cache; all resource types only through auth","Endpoint numeric override > server env > hard default; clamp bounds; admin egress view not SCIM SPC","api/src/oauth/egress-policy.ts:155;web/src/pages/egress-policy-ui.ts:11;web/src/pages/endpoint-settings-definitions.ts:276","api/src/oauth/egress-policy.spec.ts:210;api/src/oauth/external-jwks-validator.service.spec.ts:534;web/e2e/credential-secret-visibility.spec.ts:102;web/e2e/settings-matrix.spec.ts:431"
"JwksRefreshIntervalMs","number","inherit/unset","3600000","egress-policy / JWKS services","WIF/JWKS auth fetch/cache; all resource types only through auth","Endpoint numeric override > server env > hard default; clamp bounds; admin egress view not SCIM SPC","api/src/oauth/egress-policy.ts:156;web/src/pages/egress-policy-ui.ts:12;web/src/pages/endpoint-settings-definitions.ts:280","api/src/oauth/egress-policy.spec.ts:26;api/test/e2e/config-flags.e2e-spec.ts:795;web/e2e/credential-secret-visibility.spec.ts:103;web/e2e/settings-matrix.spec.ts:432"
"JwksUnknownKidMinIntervalMs","number","inherit/unset","300000","egress-policy / JWKS services","WIF/JWKS auth fetch/cache; all resource types only through auth","Endpoint numeric override > server env > hard default; clamp bounds; admin egress view not SCIM SPC","api/src/oauth/egress-policy.ts:157;web/src/pages/egress-policy-ui.ts:13;web/src/pages/endpoint-settings-definitions.ts:284","api/src/oauth/egress-policy.spec.ts:27;api/test/e2e/config-flags.e2e-spec.ts:796;web/e2e/credential-secret-visibility.spec.ts:104;web/e2e/settings-matrix.spec.ts:433"
"JwksStaleIfErrorMs","number","inherit/unset","172800000","egress-policy / JWKS services","WIF/JWKS auth fetch/cache; all resource types only through auth","Endpoint numeric override > server env > hard default; clamp bounds; admin egress view not SCIM SPC","api/src/oauth/egress-policy.ts:158;web/src/pages/egress-policy-ui.ts:14;web/src/pages/endpoint-settings-definitions.ts:288","api/src/oauth/egress-policy.spec.ts:28;api/test/e2e/config-flags.e2e-spec.ts:797;web/e2e/credential-secret-visibility.spec.ts:105;web/e2e/settings-matrix.spec.ts:434"
"PersistRequestSecrets","boolean","inherit/unset","inherit/unset","LoggingService/redaction","Durable request logs; latest implementation always redacts sensitive values","Registry description stale; no mutation semantics","web/src/pages/endpoint-settings-definitions.ts:191;web/src/pages/EndpointRelatedSettings.tsx:248;web/src/pages/SettingsTab.tsx:195","api/src/modules/endpoint/endpoint-config.interface.spec.ts:1580;api/src/modules/logging/logging-body-capture.spec.ts:17;api/src/modules/logging/logging-redaction.spec.ts:27;web/src/pages/EndpointRelatedSettings.test.tsx:277;web/src/pages/SettingsTab.test.tsx:443;web/e2e/credential-secret-visibility.spec.ts:61;web/e2e/endpoint-related-settings.spec.ts:73;web/e2e/settings-matrix.spec.ts:50"
"RfcCompliantSubAttributes","boolean","false","false","SchemaValidator nesting traversal","U/G/custom payload shape validation","False default permits nested complex; independent from strict; not admin metaschema validation","api/src/domain/validation/schema-validator.ts:214;api/src/modules/scim/common/scim-service-helpers.ts:1070;api/src/modules/scim/services/endpoint-scim-generic.service.ts:912;web/src/pages/endpoint-settings-definitions.ts:173","api/src/domain/validation/rfc-compliant-subattributes.spec.ts:119;api/test/e2e/rfc-compliant-subattributes.e2e-spec.ts:140;web/src/pages/EndpointRelatedSettings.test.tsx:273;web/src/pages/SettingsTab.test.tsx:278;web/e2e/rfc-compliant-subattributes-flag.spec.ts:35"
